<?xml version="1.0" encoding="UTF-8"?>
<Configuration status="warn" name="MyApp" packages="">
    <Appenders>
        <Console name="Console" target="SYSTEM_OUT">
            <PatternLayout pattern="%d{HH:mm:ss.SSS} [%t] %-5level %logger{36} - %msg%n"/>
        </Console>
        <RollingFile name="RollingFile" fileName="axis2-json-api.log"
                     filePattern="axis2-json-api-%d{MM-dd-yyyy}-%i.log">
            <PatternLayout>
                <Pattern>%d %p %c{1.} [%t] %m%n</Pattern>
            </PatternLayout>
            <Policies>
                <TimeBasedTriggeringPolicy />
                <SizeBasedTriggeringPolicy size="20 MB"/>
            </Policies>
            <DefaultRolloverStrategy max="20"/>
        </RollingFile>
    </Appenders>
    <Loggers>
        <Logger name="userguide.springboot" level="debug" additivity="false" >
            <AppenderRef ref="RollingFile"/>
            <AppenderRef ref="Console"/>
        </Logger>
        <Logger name="org.apache" level="warn" additivity="false" >
            <AppenderRef ref="RollingFile"/>
            <AppenderRef ref="Console"/>
        </Logger>
        <Logger name="org.apache.axis2" level="warn" additivity="false" >
            <AppenderRef ref="RollingFile"/>
            <AppenderRef ref="Console"/>
        </Logger>
        <Logger name="org.springframework" level="warn" additivity="false" >
            <AppenderRef ref="RollingFile"/>
            <AppenderRef ref="Console"/>
        </Logger>
        <Root level="debug">
            <AppenderRef ref="RollingFile"/>
        </Root>
    </Loggers>
</Configuration>
